{
    "loss": 0.595274806022644,
    "accuracy": 0.9208633303642273
}